current_language,Türkçe,English,,,,,,,,,,,,
,tr-tr,en,,,,,,,,,,,NOTES – use \n for newline,max length
current_language,,English,Русский,Português [Brasil],Español,Deutsch,Francais,Italiano,Polski,简体中文,日本語,한국어,,
,,,,,,,,,,,,,,
,,,,,,,,,,,,,,
,,,,,,,,,,,,,           CREDITS:,
,,,,,,,,,,,,,       Russian Translations by Alex(GoD),
,,,,,,,,,,,,,       Brazilian Portuguese Translations by Absent Friend (Emília),
,,,,,,,,,,,,,       Turkish Translations by Dylan Rhodes,
,,,,,,,,,,,,,       Chinese Translations by SingularityNeko,
,,,,,,,,,,,,,,
,,,,,,,,,,,,,,
,,,,,,,,,,,,,,
,,,,,,,,,,,,,,
,,,,,,,,,,,,,           TRANSLATIONS!!!,
,,,,,,,,,,,,,"   Hi, UserK here! (use quotation marks like this to use commas)",
,,,,,,,,,,,,,   I have tried to clarify some translations via to the best of my abilities; but they may not be perfect; feel free to add edit or remove any notes!!,
,,,,,,,,,,,,,   Please ping me on the Noita Discord; Chemical Curiosities discord or just dm me @UserK on Discord if you have any queries,
,,,,,,,,,,,,,   I would be more than happy to assist in any additions or modifications to the translations and will try my best to answer any questions you may have,
,,,,,,,,,,,,,,
,,,,,,,,,,,,,   Just let me know and I'll help any way I can,
,,,,,,,,,,,,,"  (btw Turkish translators, the second english field in TLs is there as reference. you dont need to translate that part o/)",
,,,,,,,,,,,,,,
,,,,,,,,,,,,,,
,,,,,,,,,,,,,,
,,,,,,,,,,,,,,
,,,,,,,,,,,,,,
,,,,,,,,,,,,,       Arcane Alchemy,
,,,,,,,,,,,,,,
,,,,,,,,,,,,,   Materials!,
,,,,,,,,,,,,,,
mat_aa_hitself,Kendine Vurmayı Bırak,Stop Hitting Yourself,,,,,,,,,,,,
mat_aa_darkmatter,Kara Madde,Dark Matter,,,,,,,,,,,like the scientific form of matter,
mat_aa_static_charge,Statik Elektrik,Static Charge,,,,,,,,,,,,
mat_aa_repultium,İticm,Repultium,,,,,,,,,,,like Repulsion,
mat_aa_hungry_slime,Aç Balçık,Hungry Slime,,,,,,,,,,,,
mat_aa_creeping_slime,Sürüngen Balçık,Creeping Slime,,,,,,,,,,,Creeping is used here to indicate a similarity to the 'Creepy Liquid' material,
mat_aa_hungry_slime_growing,Aç Balçık,Hungry Slime,,,,,,,,,,,,
mat_aa_ash,Kül,Ash,,,,,,,,,,,,
mat_aa_soot,Duman,Soot,,,,,,,,,,,,
mat_aa_potion_gas,İksir gazı,Potion gas,,,,,,,,,,,,
mat_aa_petrified_moss,Taşlaşmış Yosun,Petrified Moss,,,,,,,,,,,,
mat_aa_solidified_slime,Taşlaşmış balçık,Solidified slime,,,,,,,,,,,,
mat_aa_base_potion,Temel Sıvı İksiri,Base Potion,,,,,,,,,,,,
mat_aa_arborium,Dikim,Arborium,,,,,,,,,,,derived from 'Arbour',
mat_aa_catalyst,Katalizör,Catalyst,,,,,,,,,,,,
mat_aa_light_oil,Hafif Ham Petrol,Light Oil,,,,,,,,,,,,
mat_aa_heavy_oil,Ağır Ham Petrol,Heavy Oil,,,,,,,,,,,,
mat_aa_magic_plastic,Sihirli Plastik,Magical plastic,,,,,,,,,,,,
mat_aa_love,Aşk,Love,,,,,,,,,,,,
mat_aa_meagre_offering,Yavan Bir Teklif,A Meagre Offering,,,,,,,,,,,,
mat_aa_rice,Pirinç,Rice,,,,,,,,,,,,
mat_aa_icy_inferno,Donmuş Alev,Icy Inferno,,,,,,,,,,,,
mat_aa_pandorium,Pandoram,Pandorium,,,,,,,,,,,derived from the mythological 'Pandora's Box',
mat_aa_chaotic_pandorium,Kaotik Pandoram,Chaotic Pandorium,,,,,,,,,,,,
mat_aa_unstable_pandorium,Dengesiz Pandoram,Unstable Pandorium,,,,,,,,,,,,
mat_aa_pop_rocks,Patlayan Şekerler,Pop Rocks,,,,,,,,,,,,
mat_aa_condensed_gravity,Yoğunlaştırılmış Yer Çekimi,Condensed Gravity,,,,,,,,,,,,
mat_aa_cloning_solution,Kopyalama Çözeltisi,Cloning Solution,,,,,,,,,,,'Solution' as in 'Substance',
mat_aa_compost,Organik Gübre,Compost,,,,,,,,,,,,
mat_aa_strange_matter,Tuhaf madde,Strange matter,,,,,,,,,,,,
mat_aa_bloom_solid,Filizlenme Büymü,Bloomium Growth,,,,,,,,,,,,
mat_aa_bloom_roof,Filizlenme Büymü,Bloomium Growth,,,,,,,,,,,,
mat_aa_bloom_roof_inert,Filizlenme Büymü,Bloomium Growth,,,,,,,,,,,,
mat_aa_bloom_roof_dead,Filizlenme Büymü,Bloomium Growth,,,,,,,,,,,,
mat_aa_bloom_roof_plant,Filizlenme Sarmaşmı,Bloomium Vine,,,,,,,,,,,,
mat_aa_bloom_roof_plant_dead,Filizlenme Sarmaşmı (Cansız),Bloomium Vine (Dead),,,,,,,,,,,,
mat_aa_bloomium,Filizlenm,Bloomium,,,,,,,,,,,,
mat_aa_bloomium_gas,Filizlenme Spormları,Bloomium Spores,,,,,,,,,,,,
mat_aa_divine_slime,Kutsal Balçık,Divine Slime,,,,,,,,,,,,
mat_aa_divine_magma,Kutsal Magma,Divine Magma,,,,,,,,,,,,
mat_aa_shrinkium,Shrinkium,Shrinkium,,,,,,,,,,,,|NEED_TURKISH_TRANSLATION
,,,,,,,,,,,,,,
,,,,,,,,,,,,,,
,,,,,,,,,,,,,   Spells!,
,,,,,,,,,,,,,,
action_repultium_trail,İticm İzi,Repultium Trail,,,,,,,,,,,,
action_desc_aa_repultium_trail,Fırlatıcılara iticim izi verir,Gives a projectile a trail of repultium,,,,,,,,,,,,
action_aa_alchemy_nerf_darts,Nerf Dartları,Nerf Darts,,,,,,,,,,,'Nerf' is a brand for toy-guns with foam darts,
action_desc_aa_alchemy_nerf_darts,Atış amaçlı nerf dartları,A collection of nerf darts for shooting purposes.,,,,,,,,,,,,
action_aa_hungryslime_shot,Açlık Vuruşu,Hungering Shot,,,,,,,,,,,,
action_desc_aa_hungryslime_shot,Düşmanların iğrenç bir şey kusmasını sağlar,Makes enemies vomit up something nasty,,,,,,,,,,,,
action_aa_potion_to_gas,İksirleri Gaza Çevirme,Potions to Gas,,,,,,,,,,,,
action_desc_aa_potion_to_gas,Çevredeki iksirlerin gaza buharlaşmasını sağlar,Causes nearby potions to evaporate into gas,,,,,,,,,,,,
,,,,,,,,,,,,,,
,,,,,,,,,,,,,,
,,,,,,,,,,,,,   Status Effects!,
,,,,,,,,,,,,,,
status_aa_hit_self,Öfkeli Uzuv,Angry Limb,,,,,,,,,,,,
status_desc_aa_hit_self,Kendine vurmayı bırak!,Stop hitting yourself!,,,,,,,,,,,,
status_aa_collapse,Çökme,Collapsing,,,,,,,,,,,,
status_desc_aa_collapse,Kendi içine çökmeye başlıyorsun,You are collapsing in on yourself,,,,,,,,,,,,
status_aa_static_charge,Statik elektrik,Static charge,,,,,,,,,,,,
status_desc_aa_static_charge,Elektrik yüklüsün,You are electrically charged,,,,,,,,,,,,
status_aa_sinking,Batma,Sinking,,,,,,,,,,,,
status_desc_aa_sinking,Aşağı çekiliyorsun,You are being grabbed,,,,,,,,,,,,
status_aa_repulsion,İtme,Repulsion,,,,,,,,,,,,
status_desc_aa_repulsion,Gizemli bir güç senden kurtulmaya çalışıyor,A mysterious force struggling to be rid of you,,,,,,,,,,,,
status_aa_hungry_vomit,,Slime Vomit,,,,,,,,,,,,
status_desc_aa_hungry_vomit,,You feel something crawling back up,,,,,,,,,,,crawling back up your throat,
status_aa_love_potion,BENİ SEV,LOVE ME,,,,,,,,,,,'LOVE ME' and 'PLEASE DONT GO' should give off a 'needy' or 'desperate' vibe,
status_desc_aa_love_potion,N'OLUR GİTME,PLEASE DONT GO,,,,,,,,,,,,
status_aa_path,Sınırsız varlık?,Infinite wealth?,,,,,,,,,,,,
status_desc_aa_path,Ektiğini biç,Reap what you have sown,,,,,,,,,,,,
status_aa_icefire,Dondurucu Alevler,Freezing Inferno,,,,,,,,,,,,
status_desc_aa_icefire,Çevredeki alevler donmuş buharlara dönüşür,Nearby fire burns into frozen vapour,,,,,,,,,,,,
status_aa_gravity,Yer Çekimi Bozukluğu,Gravitational Anomaly,,,,,,,,,,,,
status_desc_aa_gravity,Çevredeki nesneler sana doğru uçar,Nearby objects fly towards you,,,,,,,,,,,,
status_aa_clone,Kopyalama,Cloning,,,,,,,,,,,,
status_desc_aa_clone,Kopyalanıyorsun!,You are being cloned!,,,,,,,,,,,,
status_aa_vomit_spells,Sihirli Öğün,Magical Meal,,,,,,,,,,,,
status_desc_aa_vomit_spells,Bu berbat bir atıştırmalıktı,This was a terrible snack,,,,,,,,,,,,
status_aa_vomit_spells_chaotic,Kaotik Öğün,Chaotic Meal,,,,,,,,,,,,
status_desc_aa_vomit_spells_chaotic,Bu berbat bir öğündü...,This was a terrible meal...,,,,,,,,,,,,
status_aa_vomit_spells_unstable,Dengesiz Öğün,Unstable Meal,,,,,,,,,,,,
status_desc_aa_vomit_spells_unstable,Bu berbat bir fikirdi!,This was a terrible idea!,,,,,,,,,,,,
,,,,,,,,,,,,,,
,,,,,,,,,,,,,,
,,,,,,,,,,,,,   Items!,
,,,,,,,,,,,,,,
item_aa_vial,Şişe,Vial,,,,,,,,,,,,
item_vial_with_material,$0 Şişe,Vial of $0,,,,,,,,,,,,
item_vial_with_material_description,İçinde $0 olan cam bir şişe,A glass vial containing $0,,,,,,,,,,,,
nerf_wand,Nerf Silahı,Nerf Gun,,,,,,,,,,,'Nerf' as in the brand for toy-guns with foam darts,
nerf_dart,Nerf Dartı,Nerf Dart,,,,,,,,,,,read above,
,,,,,,,,,,,,,,
,,,,,,,,,,,,,,
,,,,,,,,,,,,,   Misc!,
,,,,,,,,,,,,,,
animal random spell,Pandoram,Pandorium,,,,,,,,,,,these are the pandorium entities that are used to kill the player,
animal random spell chaotic,Kaotik Pandoram,Chaotic Pandorium,,,,,,,,,,,,
animal random spell unstable,Dengesiz Pandoram,Unstable Pandorium,,,,,,,,,,,,
,,,,,,,,,,,,,,
,,,,,,,,,,,,,,
,,,,,,,,,,,,,,
,,,,,,,,,,,,,       Chemical Curiosities!,
,,,,,,,,,,,,,,
,,,,,,,,,,,,,   Materials!,
,,,,,,,,,,,,,,
mat_cc_hydroxide,Hidroksit,Hydroxide,,,,,,,,,,,,
mat_cc_ice_hydroxide,Donmuş Hidroksit,Frozen Hydroxide,,,,,,,,,,,,
mat_cc_acidic_water,Asidik Su,Acidic Water,,,,,,,,,,,,
mat_cc_devouring_moss,Yok Edici Yosun,Devouring Moss,,,,,,,,,,,as in Moss that Devours,
mat_cc_ashen_moss,Solgun Yosun,Ashen Moss,,,,,,,,,,,,
mat_cc_hydroxide_gas,Yanıcı Gaz,Flammable Gas,,,,,,,,,,,,
mat_cc_veilium,Peçelem,Veilium,,,,,,,,,,,as in to 'Veil' one's eyes,
mat_cc_sparkling_liquid,Parıldayan Sıvı,Sparkling Liquid,,,,,,,,,,,,
mat_cc_slicing_liquid,Doğrayan Sıvı,Slicing Liquid,,,,,,,,,,,,
mat_cc_glittering_liquid,Işıltılı Sıvı,Glittering Liquid,,,,,,,,,,,,
mat_cc_blasting_powder,Patlama Tozu,Blasting Powder,,,,,,,,,,,,
mat_cc_methane,Metan Gazı,Methane Gas,,,,,,,,,,,,
mat_cc_carbon_dioxide,Karbon Dioksit,Carbon Dioxide,,,,,,,,,,,,
mat_cc_ectospasm,Ektospazm,Ectospasm,,,,,,,,,,,"name change: Jitterium -> Ectospasm, name is pun based off the words Ectoplasm and Spasm",
mat_cc_kindling,Çıra,Kindling,,,,,,,,,,,,
mat_cc_deceleratium,Yavaşm,Deceleratium,,,,,,,,,,,like Decelerate (antithesis of Acceleratium),
mat_cc_heftium,Ağırm,Heftium,,,,,,,,,,,like Hefty (antithesis of Levitatium),
mat_cc_stillium,Durgunum,Stillium,,,,,,,,,,,like Stillness (antithesis of Hastium),
mat_cc_metamorphine,Dönüşm,Metamorphine,,,,,,,,,,,'Metamorph' as in like 'Metamorphosis' or to transform,
mat_cc_unstable_metamorphine,Dengesiz Dönüşm,Unstable Metamorphine,,,,,,,,,,,,
mat_cc_explodePlayer,Kışkırtm,Agitine,,,,,,,,,,,As in to 'Agitate',
mat_cc_alchemy_powder,Simya Tozu,Alchemy Powder,,,,,,,,,,,,
mat_cc_metastasizium,Metastazm,Metastasizium,,,,,,,,,,,like 'Metastasis' or similar to a cancer in its growth,
mat_cc_nullium,Etkisizm,Nullium,,,,,,,,,,,like 'nullify',
mat_cc_liberum_magicas,Liberum Magicas,Liberum Magicas,,,,,,,,,,,latin for 'Free Magic',
mat_cc_thunder_powder,Yıldırım Tozu,Thunder Powder,,,,,,,,,,,,
mat_cc_health_tonic,Can Toniği,Health Tonic,,,,,,,,,,,,
mat_cc_grease,Gres Yağı,Grease,,,,,,,,,,,,
mat_cc_dormant_crystal,Pasif Kristal,Dormant Crystal,,,,,,,,,,,,
mat_cc_dormant_crystal_molten,Sıvı Kristal,Liquid Crystal,,,,,,,,,,,,
mat_cc_uranium,Uranyum,Uranium,,,,,,,,,,,,
mat_cc_uranium_excited,Uyarılmış Uranyum,Excited Uranium,,,,,,,,,,,,
mat_cc_radioactive_waste,Radyoaktif Atık,Radioactive Waste,,,,,,,,,,,,
mat_cc_morphine,Morfin,Morphine,,,,,,,,,,,,
mat_cc_antimatter_gas,Karşıt Madde,Anti-Matter,,,,,,,,,,,,
mat_cc_antimatter_liquid,Karşıt Madde,Anti-Matter,,,,,,,,,,,,
mat_cc_antimatter_powder,Pasif Karşıt Madde,Dormant Anti-Matter,,,,,,,,,,,,
mat_cc_frozen_meat,Donmuş Et,Frozen Meat,,,,,,,,,,,,
mat_cc_cobalt,Kobalt,Cobalt,,,,,,,,,,,,
mat_cc_cobalt_molten,Sıvı Kobalt,Molten Cobalt,,,,,,,,,,,,
mat_cc_iron,Demir,Iron,,,,,,,,,,,,
mat_cc_iron_molten,Sıvı Demir,Molten Iron,,,,,,,,,,,,
mat_cc_preskite,Preskit,Preskite,,,,,,,,,,,this material is made up; Squirrelly said 'it sounded cool in my head'. Its name bears a resemblence to the real metal 'Perovskite',
mat_cc_preskite_molten,Sıvı Preskit,Molten Preskite,,,,,,,,,,,,
mat_cc_ferrine,Ferin,Ferrine,,,,,,,,,,,likely derived from iron's 'Ferri' prefix. such as in Ferrite or its periodic name being FE,
mat_cc_cobaline,Kobalin,Cobaline,,,,,,,,,,,like 'Cobalt',
mat_cc_crystal_box2d,Pasif Kristal,Dormant Crystal,,,,,,,,,,,,
mat_cc_persistine,Israrm,Persistine,,,,,,,,,,,like to Persist,
mat_cc_lichtenberg_wood,Lichtenberg Odunu,Lichtenberg Wood,,,,,,,,,,,,
mat_cc_lichtenberg_coal,Yanık Odun,Burnt Wood,,,,,,,,,,,,
mat_cc_warp_powder,Çekiş Tozu,Warp Powder,,,,,,,,,,,,
mat_cc_deezium,Deez...,,,,,,,,,,,,,
mat_cc_warp_sickness,Çekiş Tozu,Warp Powder,,,,,,,,,,,,
mat_cc_paradox_powder,Paradoks Tozu,Paradox Powder,,,,,,,,,,,,
mat_cc_dull_fungus,Donuk Mantar,Dull Fungus,,,,,,,,,,,Dull having connotations of numbness or emptiness- somewhat contrasting 'Weird' fungus,
mat_cc_glitchium,Kusurm,Glitchium,,,,,,,,,,,like Glitch,
,,,,,,,,,,,,,,
,,,,,,,,,,,,,,
,,,,,,,,,,,,,   Spells!,
,,,,,,,,,,,,,,
action_cc_sea_of_methane,Metan Havuzu,Sea of Methane,,,,,,,,,,,,
action_desc_cc_sea_of_methane,Büyük ölçüde metan gazı salgılar,Summons a large body of methane gas,,,,,,,,,,,,
action_cc_wispy_flame,Zayıf Alev,Wispy Flame,,,,,,,,,,,,
action_desc_cc_wispy_flame,Dört alev alazını çağır,Call forth tongues of flame,,,,,,,,,,,,
action_cc_local_shift,Yerel Değişim,Local Shift,,,,,,,,,,,Basically a Fungal Shift but in a localised area,
action_desc_cc_local_shift,Dünyayı değiştir. Ancak her yeri değil...,Change the world. But not everywhere...,,,,,,,,,,,,
action_cc_metal_seasoning,Metal Kütlesi,Chunk of Metal,,,,,,,,,,,,
action_desc_cc_metal_seasoning,Bir metal tozu kütlesi çağır,Summon a pile of metal powder,,,,,,,,,,,,
action_cc_cloud_crystal,Kristal Bulutu,Crystal Cloud,,,,,,,,,,,,
action_desc_cc_cloud_crystal,Sıvı kristal yağmuru oluşturur,Creates a rain of liquid crystals,,,,,,,,,,,,
action_cc_cloud_sparkling,Parıldayan Bulut,Sparkling Cloud,,,,,,,,,,,,
action_desc_cc_cloud_sparkling,Onlara cehennemi yağdır,Rain hell on all of them.,,,,,,,,,,,,
action_cc_grease_blast,Gres Yağı Patlaması,Explosion of Grease,,,,,,,,,,,,
action_desc_cc_grease_blast,Yağlı bir patlama!,A greasy explosion!,,,,,,,,,,,,
action_cc_radioactive_shot,Radyoaktif Atış,Radioactive shot,,,,,,,,,,,,
action_desc_cc_radioactive_shot,Fırlatıcıların radyoaktif kıvılcımlar atmasını sağlar,Makes a projectile emit radioactive sparks,,,,,,,,,,,,
action_cc_uraniumball,Uranyum Kütlesi,Chunk of Uranium,,,,,,,,,,,,
action_desc_cc_uraniumball,6.2 kg'lık küresel kritik altı uranyum-235 kütlesi,A spherical 6.2-kilogram (14 lb) subcritical mass of uranium-235,,,,,,,,,,,,
action_cc_antimatter_field_enemy,Kişisel Karşıt Madde Alanı,Personal Antimatter Field,,,,,,,,,,,,
action_desc_cc_antimatter_field_enemy,Düşmanların çevrelerini yok etmesine sebep olur,Causes enemies to tear the world apart around them,,,,,,,,,,,,
action_cc_sea_of_lightning,Yıldırım Tozu Havuzu,Sea of Lightning Powder,,,,,,,,,,,,
action_desc_cc_sea_of_lightning,Büyük ölçüde yüksek iletkenli toz çağırır,Summons a large body of highly conductive powder,,,,,,,,,,,,
action_cc_gunpowder_buff,Barut Yoğunlaştırıcı,Gunpowder Enhancer,,,,,,,,,,,,
action_desc_cc_gunpowder_buff,Çevredeki barutları daha tehlikeli yapar,Makes nearby gunpowder more dangerous,,,,,,,,,,,,
action_cc_fire_to_grease,Ateş Yoğunlaştırıcı,Fire Enhancer,,,,,,,,,,,,
action_desc_cc_fire_to_grease,Çevredeki ateşlerin şiddetle alevlenmesini sağlar,Causes nearby fires to erupt violently,,,,,,,,,,,,
action_cc_gunpowder_cloud,Barut Bulutu,Gunpowder Cloud,,,,,,,,,,,,
action_desc_cc_gunpowder_cloud,???,???,,,,,,,,,,,,
,,,,,,,,,,,,,,
,,,,,,,,,,,,,,
,,,,,,,,,,,,,   Status Effects!,
,,,,,,,,,,,,,,
status_cc_ingestion_methane,Methan Zehirlenmesi,Methane Poisoning,,,,,,,,,,,,
status_desc_cc_ingestion_methane,Her şey bulanıklaşıyor.,Everything is hazy.,,,,,,,,,,,,
status_cc_blindness,Kör,Blinded,,,,,,,,,,,,
status_desc_cc_blindness,Gözlerin pek bir işe yaramıyor gibi.,Your eyes don't seem to be helping much.,,,,,,,,,,,,
status_cc_twitchy,Gergin,Twitchy,,,,,,,,,,,same as vanilla effect,
status_cc_movement_slower_2x,Yavaşladın,Slowed,,,,,,,,,,,,
status_desc_cc_movement_slower_2x,Hâlsiz hissediyorsun,You feel sluggish,,,,,,,,,,,,
status_cc_levitation_slower,Ağır,Heavy,,,,,,,,,,,,
status_desc_cc_levitation_slower,Kemiklerin çok ağır hissettiriyor,It feels as if your bones are made of lead,,,,,,,,,,,,
status_cc_exploding,Alevlenme,Combusting,,,,,,,,,,,,
status_desc_cc_exploding,Anlık alevlenme,Spontaneous combustion.,,,,,,,,,,,,
status_cc_metastasizium,Enfeksiyon Kapmış,Infected,,,,,,,,,,,,
status_desc_cc_metastasizium,Yayılmak istiyor,It wants to spread,,,,,,,,,,,,
status_cc_nullium,Etkisizleşim,Nullified,,,,,,,,,,,,
status_desc_cc_nullium,Manan azalmaya başladı.,Your mana is being drained.,,,,,,,,,,,,
status_cc_edit_wands_everywhere,Her yerde Asaları Kurcala,Tinker Anywhere,,,,,,,,,,,,
status_desc_cc_edit_wands_everywhere,Tanrılar hep böyle güzel melodiler söyler miydi?,Were the Gods always singing such a lovely tune?,,,,,,,,,,,,
status_cc_increase_hp,Can Yenilenmesi,Health Generation,,,,,,,,,,,,
status_desc_cc_increase_hp,Maksimum canın yavaşça artıyor.,Your maximum health is slowly increasing.,,,,,,,,,,,,
status_cc_morphine,Ağrı Kesiciler,Painkillers,,,,,,,,,,,,
status_desc_cc_morphine,Durdurulamaz gibi hissediyorsun.,You feel unstoppable.,,,,,,,,,,,it should be clear you 'feel' unstoppable. because you are taking hard drugs. (medical painkiller technically but still addictive),
status_cc_antimatter,İmha,Annihilation,,,,,,,,,,,this is the term for when Matter and Anti-Matter (violently) cancel each-other out,
status_desc_cc_antimatter,Varlığının her dokusu paramparça ediliyor!,Every fibre of your being is getting torn apart!,,,,,,,,,,,,
status_cc_hydroxide,Hidroksit Zehirlenmesi,Hydroxide Poisoning,,,,,,,,,,,this effect should not be seen in-game; nor should the description below,
status_desc_cc_hydroxide,ölüyon birader,you're dying lmao,,,,,,,,,,,,
status_cc_ironskin,Dayanıklılık,Resistance,,,,,,,,,,,,
status_desc_cc_ironskin,Daha az hasar alıyorsun,You recieve less damage,,,,,,,,,,,,
status_cc_warp,Çekiş,Warp,,,,,,,,,,,,
status_desc_cc_warp,Her yönden çekiştiriliyormuş gibi hissediyorsun,You feel something pulling you in every direction,,,,,,,,,,,,
status_cc_warp_sickness,Çekiş Hastalığı,Warp Sickness,,,,,,,,,,,,
status_desc_cc_warp_sickness,Vücudun tersyüz olmuş gibi hissediyorsun,You feel as if your body was just turned inside out,,,,,,,,,,,,
status_cc_paradox,Paradoks,Paradox,,,,,,,,,,,,
status_desc_cc_paradox,Zaman bozuluyormuş gibi hissediyorsun.,You feel time slipping.,,,,,,,,,,,,
status_cc_null_trip_1,Uyuşukluk,Numb,,,,,,,,,,,,
status_desc_cc_null_trip_1,Boşlukta hissediyorsun,You feel hollow,,,,,,,,,,,,
status_cc_null_trip_2,Kafası Güzel,Bad Trip,,,,,,,,,,,referencing the Tripping effect from eating Weird Fungus,
status_desc_cc_null_trip_2,Diriltilmiş bir ceset gibi hissediyorsun,You feel like a corpse reanimated,,,,,,,,,,,,
status_cc_null_trip_3,Boşlukta,Hollowed,,,,,,,,,,,,
status_desc_cc_null_trip_3,Vücuduna sinen boşluğu damarlarında hissediyorsun,A pervasive emptiness is flowing through your veins,,,,,,,,,,,,
status_cc_null_trip_4,Hiçlik,Null,,,,,,,,,,,,
status_desc_cc_null_trip_4,Evren anlamını kaybediyor,The Universe is losing meaning,,,,,,,,,,,,
status_cc_nullified_trip,Bir şeyler eksik,Something is missing,,,,,,,,,,,,
statusdesc_cc_nullified_trip,Evren önceden olduğundan daha boşmuş gibi hissediyorsun,You feel as though the universe is emptier than it once was,,,,,,,,,,,,
statis_cc_radstage_1,Radyasyon Zehirlenmesi,Radiation Poisoning,,,,,,,,,,,,
statis_cc_desc_radstage_1,Radyasyona maruz kalmak sorunlar oluşturuyor!\nRadsayacı: $0,Exposure to radiation is causing problems!\nRadcount: $0,,,,,,,,,,,'Rads' is what Radiation is generally measured in,
statis_cc_radstage_2,Radyasyon Maruziyeti,Irradiated,,,,,,,,,,,,
statis_cc_desc_radstage_2,Bir karıncalanma duygusu hissediyorsun... Savunmasız hissediyorsun\nRadsayacı: $0,You feel a tingling sensation... you feel vulnerable\nRadcount: $0,,,,,,,,,,,indicating that immunities are being disabled,
statis_cc_radstage_3,Radyasyon Zehirlenmesi,Radiation Positioning,,,,,,,,,,,,
statis_cc_desc_radstage_3,Sıcaklıkta titriyorsun.\nRadsayacı: $0,You're shivering in the warmth.\nRadcount: $0,,,,,,,,,,,oxymoron with 'shivering' normally denoting coldness or chills,
statis_cc_radstage_4,Radyasyon Yanıkları,Radiation Burns,,,,,,,,,,,,
statis_cc_desc_radstage_4,Yanıklardan korkuyorsun.\nRadsayacı: $0,You're flinching from the burns.\nRadcount: $0,,,,,,,,,,,,
statis_cc_radstage_5,Mutasyon,Mutation,,,,,,,,,,,,
statis_cc_desc_radstage_5,Yeni uzuvların filizleniyor!\nRadsayacı: $0,New appendages sprout forth!\nRadcount: $0,,,,,,,,,,,referring to the leggy limbs,
statis_cc_radstage_6,Radyasyon sana Süper Güçler kazandırdı!,Radiation gives you Superpowers!,,,,,,,,,,,,
statis_cc_desc_radstage_6,Artık geri dönmen gerektiğini düşünüyorsun.\nRadsayacı: $0,"You feel you should turn back now\nRadcount: $0\n\nThis is about as far as I've coded, sorgy :(",,,,,,,,,,,,
statis_cc_radstage_7,İç Yanıklar,Internal Burns,,,,,,,,,,,,
statis_cc_desc_radstage_7,Daha fazla ileri gitmenin tehlikeli sonuçları olabileceğini hissediyorsun\nRadsayacı: ???,You feel going further would have dangerous consequences\nRadcount: ???,,,,,,,,,,,radcount reader can no longer interpret the radcount,
statis_cc_radstage_8,RNA Derlemesi,RNA Recompiled,,,,,,,,,,,,
statis_cc_desc_radstage_8,Şu andan itibaren mutasyonlar kalıcı olacak gibi hissediyorsun\nRadsayacı: Sayılar anlamını kaybetmeye başlıyor,You feel any mutations from now on are here to stay\nRadcount: Numbers are losing meaning,,,,,,,,,,,radcount reader gives up on conveying your radcount,
statis_cc_radstage_9,Radyoaktif Atık,Radioactive Wasted,,,,,,,,,,,'Wasted' as in Radioactive Waste and when you are Wasted,
statis_cc_desc_radstage_9,Damarların saf olmayan radyasyonla dolup taşıyor\nRadsayacı: Ama... Daha ilerisinde ne var... ?,Your veins flow with impure radiation\nRadcount: But... what's beyond... ?,,,,,,,,,,,radcount is beginning to question the limits,
statis_cc_radstage_10,Kaotik Mutasyonlar,Chaotic Mutations,,,,,,,,,,,,
statis_cc_desc_radstage_10,Varlığının kontrolünü kaybettin\nRadsayacı: Ufak bir bedel...,You've lost control of your very being\nRadcount: A small price...,,,,,,,,,,,"at this point, radcount reader is invested and is on this journey with you- curious to a dangerous degree",
statis_cc_radstage_11,İlahi Uyarı,Divine Warning,,,,,,,,,,,,
statis_cc_desc_radstage_11,"Tanrılar durmanı emrediyor\nRadsayacı: İstedikleri kadar yalvarabilirler","The heavens command that you cease this\nRadcount: They can beg all they like, keep going.",,,,,,,,,,, keep going.,"radcount reader outright blaspheming the Gods in pursuit of reaching the end"
statis_cc_radstage_12,Nükleer Aşırı Yüklenme,Nuclear Overdrive,,,,,,,,,,,,
statis_cc_desc_radstage_12,"Varlığının her dokusu saldırı altında\nRadsayacı: Felaketin eşiğindesin...\nYalnızca, çok, az, daha...!","Every fibre of your being is under attack\nRadcount: You are on the precipice...\nJust, a, little, bit, further...!",,,,,,,,,,,,
statis_cc_radstage_13,Parlaklık Lütfu,Radiant Blessing,,,,,,,,,,,this stage is only properly viewable if the player has the radiation immunity perk (not to be confused with toxic immunity perk),
statis_cc_desc_radstage_13,"Güzel ışınımlar etrafa saçılıyor!\nMekanizma parçalanmış gibi gözüküyor.","Beautiful beams radiate forth!\nThe mechanism appears to have burst.",,,,,,,,,,,radcount reader has been destroyed,
,,,,,,,,,,,,,,
,,,,,,,,,,,,,,
,,,,,,,,,,,,,   Items!,
,,,,,,,,,,,,,,
item_cc_runestone_crystal,Kristallerin Runik Taşı,Runestone of Crystals,,,,,,,,,,,,
itemdesc_runestone_crystal,Çevredeki sıvıları güzel bir kristal sıvıya dönüştürür,Converts nearby liquids to a beautiful crystalline liquid,,,,,,,,,,,unused- currently uses default runestone description,
item_runestone_spells,Büyülerin Runik Taşı,Runestone of Spells,,,,,,,,,,,,
itemdesc_runestone_spells,Çevredeki sıvıları kaotik biçimdeki büyülere dönüştürür,Converts nearby liquids into a flurry of spells,,,,,,,,,,,flurry meaning almost like a blizzard or gust of spells; a large chaotic cloud/collection of them,
,,,,,,,,,,,,,,
,,,,,,,,,,,,,,
,,,,,,,,,,,,,   Miscellaneous,
,,,,,,,,,,,,,,
log_cc_tinkersong_secret,Tanrılar şarkına eşlik ediyor,The Gods sing along to your song,,,,,,,,,,,,
log_cc_tinkersong_secrect_desc,Onları duyabiliyor musun?,Can you hear them?,,,,,,,,,,,,
log_cc_mutagen_superpowers,Mutajen Gelişimi,Mutagen Upgrade,,,,,,,,,,,,
log_cc_mutagen_superpowers_desc,Radyasyon sana süper güçler kazandırıyor!,Radiation gives you superpowers!,,,,,,,,,,,,
log_cc_nullified_trip_00,Gerçeklik algın bozulmaya başlıyor,Your sense of reality flickers,,,,,,,,,,,,
log_cc_nullified_trip_01,Bir şey eksikmiş gibi hissediyorsun,You sense something is missing,,,,,,,,,,,,
log_cc_nullified_trip_02,Bir şey anlamını kaybetti,Something has lost meaning,,,,,,,,,,,,
log_cc_nullified_trip_03,Evrende bir boşluk hissediyorsun,You feel a void in the cosmos,,,,,,,,,,,,
log_cc_nullified_trip_04,Evren olduğundan daha boşmuş gibi hissettiriyor,The universe feels emptier,,,,,,,,,,,,
log_cc_nullified_trip_05,Belirsiz bir kayıplık algısı hissediyorsun,You feel a vague sense of loss,,,,,,,,,,,,
logdesc_cc_nullified_trip,Bir şeyin sessiz bir belirsizliğe yavaşça büründüğünü duyuyorsun,You hear something fade into quiet obscurity,,,,,,,,,,,,
log_cc_paradox_warp,Artık aynı yerde değilmişsin gibi hissediyorsun...,You feel as if you are no longer in the same place...,,,,,,,,,,,,
death_cc_morphine,Ağrı kesicileri ağırdan alsan iyi olur,Careful with those painkillers,,,,,,,,,,,death msg from when you die to something while Morphine is obfuscating your HP,
,,,,,,,,,,,,,,
,,,,,,,,,,,,,,
,,,,,,,,,,,,,,
,,,,,,,,,,,,,       Mystical Mixtures!,
,,,,,,,,,,,,,,
,,,,,,,,,,,,,   Materials!,
,,,,,,,,,,,,,,
mat_mm_bingus,Bingus,Bingus,,,,,,,,,,,"search 'bingus cat', its the furless one",
mat_mm_bingus_wetfood,Kedi Maması,Wetfood,,,,,,,,,,,cat wet food (mealtime food),
mat_mm_meat_bingus,Bingus,Bingus,,,,,,,,,,,,
mat_mm_catfood_container,Kedi Maması Tenekesi,Catfood Container,,,,,,,,,,,short can that contains cat Wetfood,
mat_mm_alchemical_solvent,Simyasal Çözelti,Alchemical Solvent,,,,,,,,,,,,
desc_mm_alchemical_solvent,Simyasal Çözelti gizemli çözeltileri oluşturmakta kullanılan bir maddedir.,Alchemical solvent is a material which is used to create mystical solutions.,,,,,,,,,,,,
mat_mm_alchemical_base,Simyasal Temel,Alchemical Base,,,,,,,,,,,base like a foundation of alchemy,
desc_mm_alchemical_base,Bütün simyanın temeli.,The base of all proper alchemy.,,,,,,,,,,,,
mat_mm_ephemeral_ether,Geçici Eter,Ephemeral Ether,,,,,,,,,,,,
desc_mm_ephemeral_ether,Çabuk buharlaşan uçucu bir madde.\nBirçok simya üretiminin bir yan ürünü.\nKullanımları henüz bilinmemektedir.,A volatile substance which evaporates quickly.\nA side product of many alchemical processes.\nUses are yet unknown.,,,,,,,,,,,,
mat_mm_desc_submystery,Substitate Nymphium,Substitate Nymphium,,,,,,,,,,,please DM @userk on discord if you are translating this.,
mat_mm_ephemeral_ether_gas,Geçici Eter Gazı,Ephemeral Ether Gas,,,,,,,,,,,,
desc_mm_ephemeral_ether_gas,Geçici Eterin buharlaşmış hâli.,The evaporated form of Ephemeral Ether.,,,,,,,,,,,,
mat_mm_gold_solution,Altın Çözeltisi,Gold Solution,,,,,,,,,,,,
desc_mm_gold_solution,"Simyasal bir çözeltide altın çözeltisi.\nFarklı tür yöntemlerde kullanılabilir, başta asa kapasitesini arttırmak olmak üzere.","A solution of gold in an alchemical solvent.\nIt can be used in a variety of recipes, notably modifying wand capacity.",,,,,,,,,,,,
mat_mm_replicating_agent,Yinelenen Madde,Replicating Agent,,,,,,,,,,,'Agent' like a liquid or substance that serves a function,
desc_mm_replicating_agent,Gizemli yollarla diğer sıvı maddeleri kopyalıyormuş gibi gözüken bir madde.,A substance which through mystical means appears to clone other liquid substances.,,,,,,,,,,,,
mat_mm_diluted_mana,Seyreltik Mana,Diluted Mana,,,,,,,,,,,,
desc_mm_diluted_mana,Simyasal temelde seyreltilmiş mana.\nAsaların mana kapasitesini değiştirmekte kullanılabilir.,Mana diluted in an alchemical base.\nCan be used for modifying wand mana capacity.,,,,,,,,,,,,
mat_mm_refined_mana,Arıtılmış Mana,Refined Mana,,,,,,,,,,,,
desc_mm_refined_mana,"Hidroksitle arıtılmış mana.\nFarklı tür yöntemlerde kullanılabilir, başta asa mana hızını arttırmak olmak üzere.","Mana refined with Hydroxide.\nIt can be used in a variety of recipes, notably improving the speed at which wands gain mana.",,,,,,,,,,,,
mat_mm_refined_mana_gas,Buharlaşmış Mana,Evaporated Mana,,,,,,,,,,,,
desc_mm_refined_mana_gas,Arıtılmış Mana'nın buharlaşmış hâli.,The evaporated form of Refined Mana.,,,,,,,,,,,,
mat_mm_arcane_flux,Büyülü Flaks,Arcane Flux,,,,,,,,,,,Arcane being ancient-magic or mystical. Flux being a sort of chaos or not static,
desc_mm_arcane_flux,"Bu madde, belirli bir ölçüde başarı oranıyla, çeşitli büyüleri birleştirmek için kullanılır.","This substance is used to weld various spells together, to variable success.",,,,,,,,,,,,
mat_mm_mystic_alloy,Gizemli Alaşım,Mystic Alloy,,,,,,,,,,,,
desc_mm_mystic_alloy,Kırık bir asanın kalıntılarından oluşturulan bir alaşım.\nTek başına pek de kullanışlı olmasa da Büyülü Flaks yapımında kullanılabilir.,An alloy made from the remnants of a broken wand.\nIt is not very useful by itself however it is used in the creation of Arcane Flux,,,,,,,,,,,,
reac_gold_solution,Bir Altın Çözeltisi,A Solution of Gold,,,,,,,,,,,,
reac_desc_gold_solution,"Altın, gelecek yöntemlerde daha kullanışlı olması için Simyasal bir Çözelti içinde çözünebilir.",Gold can be dissolved in an Alchemical Solvent to be in a more usable form for future recipes.,,,,,,,,,,,,
reac_mana_dilution,Mana Seyreltilmesi,The Dilution of Mana,,,,,,,,,,,,
reac_desc_mana_dilution,"Derişik Mana, gelecek yöntemlerde daha kullanışlı olması için Simyasal bir Çözelti içinde çözünebilir.",Concentrated Mana can be diluted in an Alchemical Base to be in a more usable form for future recipes.,,,,,,,,,,,,
reac_mana_refining,Mana Arıtılması,The Refining of Mana,,,,,,,,,,,,
reac_desc_mana_refining,"Seyreltilmiş Mana, Hidroksitle karıştırılarak arıtılabilir, arıtılmış mana'nın sınırlı kullanım alanları vardır ancak kullanışlı olabilir.","Diluted Mana can be refined by mixing with Hydroxide, refined mana has limited usecases but it can be useful.",,,,,,,,,,,,
reac_mystic_alloy,Gizemli Alaşımın Arıtılması,Refining a Mystic Alloy,,,,,,,,,,,,
reac_desc_mystic_alloy,"Asalar özel bir alaşımdan yapılır, Kırık bir Asayı alıp Simyasal Çözeltiyle eriterek Gizemli Alaşım'a dönüştürülebilir.","Wands are made of a special alloy, by taking a Broken Wand and melting it down with Alchemical Solvent it can be reduced to Mystic Alloy.",,,,,,,,,,,,
reac_arcane_flux_creation,Büyülü Flaks Yapımı,Creation of Arcane Flux,,,,,,,,,,,,
reac_desc_arcane_flux_creation,Büyülü Flaks büyüleri birbiriyle birleştirmek için kullanılabilen bir maddedir.\nArıtılmış Mana ve Gizemli Alaşım'ın açık havada birleşimi sonucu zamanla Büyülü Flaks oluşturur.,Arcane Flux is a substance which can be used to weld spells together.\nA mixture of Refined Mana and Mystic Alloy when left in open air will eventually form Arcane Flux.,,,,,,,,,,,,
reac_wand_capacity,Asa Kapasitesi,Wand capacity,,,,,,,,,,,,
reac_desc_wand_capacity,"Asalar, büyücülerin ve cadı gibilerin en iyi dostlarıdır.\nAncak yalnızca sınırlı sayıda büyü barındırabilirler.\nBir Çözelti Altınla birlikte Simyasal Temel'in birleşiminin bir asanın kapasitesini değiştirebileceği bilinir ancak her zaman beklenildiği sonuçları vermeyebilir.","Wands are a the best friend of wizards and witches alike.\nHowever they can only hold a limited amount of spells.\nIt is known that A Solution of Gold together with an Alchemical Base can adjust the capacity of a wand, but it may not always turn out as expected.",,,,,,,,,,,,
reac_mana_capacity,Mana Kapasitesi,Mana capacity,,,,,,,,,,,,
reac_desc_mana_capacity,"Asalar, içerisinde her seferinde yalnızca belirli bir miktarda mana tutabilirler, bu aramızdaki daha üst düzey büyücüler için rahatsızlık verici olabilir.\nAncak bu miktarı arttırmanın bir yolu asayı manayla doyurmaktır.\nYoğunlaştırılmış Mana doğrudan kullanım için fazla güçlüdür ancak seyreltilince bir asanın mana kapasitesini arttırmak için kullanılabilir.","Wands can only hold a limited pool of mana at a time, this can be frustrating for the more advanced magic users among us.\nHowever one way to increase this pool is to infuse the wand with mana.\nConcentrated Mana is too strong to be used directly, but when diluted it can be used to increase the mana capacity of a wand.",,,,,,,,,,,,
reac_mana_charge,Mana Yenilenmesi,Mana regeneration,,,,,,,,,,,,
reac_desc_mana_charge,Asalar çevredeki manayı içlerine çekerek mana miktarlarını yenilerler.\nBir asa bu durum için Arıtılmış Manayla doyurularak daha verimli hâle getirilebilir.,Wands refill their mana pool over time by absorbing mana from the surrounding environment.\nA wand can be made more efficient at this by infusing it with Refined Mana.,,,,,,,,,,,,
reac_flux_welding,Flaks Birleşimi,Flux Welding,,,,,,,,,,,,
reac_desc_flux_welding,"Büyülü Flaks, büyüleri birleştirmek için kullanılabilir ancak bu süreç çok istikrarsızdır ve sonuçları değişiklik gösterir.\nAyrıca neyle birleştirdiğinize bağlı olarak bu büyüyü yapmanın daha pahalı hâle gelebileceğini aklınızda bulundurun.","Arcane Flux can be used to weld spells together, this however is a very volatile process and results are variable.\nAlso note that the spell will be more expensive to cast based on what you weld to it.",,,,,,,,,,,,
reac_replicating_agent,Yinelenen Maddenin Elde Edinimi,Procurement of a Replicating Agent,,,,,,,,,,,,
reac_desc_replicating_agent,"Bir temel sıvıyı, bir çözeltiyi ve başka simya üretimlerinin yan ürünlerini birleştirerek çeşitli maddeleri kopyalayabilen bir maddeye rastlayabilirsiniz.","By mixing a base, a solvent, and a byproduct of other alchemical processes, you may come across an agent that is able to replicate various materials.",,,,,,,,,,,,
,,,,,,,,,,,,,,
,,,,,,,,,,,,,,
,,,,,,,,,,,,,   Items!,
,,,,,,,,,,,,,,
item_mm_bingus,Bingus,Bingus,,,,,,,,,,,name of aforementioned furless 'bingus' cat,
item_mm_bingus,Tuhaf türdeki bir canlı,Some kind of strange critter.,,,,,,,,,,,,
item_mm_can,Teneke,Can,,,,,,,,,,,,
item_can_with_material,$0'lık Teneke,Can of $0,,,,,,,,,,,,
item_can_with_material_description,$0 içeren bir Teneke,A Can containing $0,,,,,,,,,,,,
,,,,,,,,,,,,,,
,,,,,,,,,,,,,Alchemy Journal:,
item_mm_alchemy_journal,Simya Günlüğü,Alchemy Journal,,,,,,,,,,,,
itemdesc_mm_alchemy_journal,Çeşitli türdeki tarifleri simyacılar için anlatan bir kitap.,A recipe book of sorts for alchemists.,,,,,,,,,,,,
log_mm_lab_note_pickup,Simya Günlüğüne yeni bir not eklendi,A new entry has been added to your Alchemy Journal,,,,,,,,,,,,
note_mm_labnote_entry,Laboratuvar Notu #$0: $1,Lab Note #$0: $1,,,,,,,,,,,,
title_mm_alchemist_journal,Simya Günlüğü,Alchemy Journal,,,,,,,,,,,,
desc_mm_alchemist_journal,"Uzun süredir gizli zanaatleri araştıran bir simyacının günlüğü. Birçok sayfa koparılmış gibi gözüküyor...","The journal of an alchemist, who has been studying the arcane arts for a long time. Many pages appear to be torn out..",,,,,,,,,,,,
,,,,,,,,,,,,,,
,,,,,,,,,,,,,,
,,,,,,,,,,,,,,
,,,,,,,,,,,,,       Fluent Fluids,
,,,,,,,,,,,,,,
,,,,,,,,,,,,,   Materials!,
mat_ff_water_powder,Kurutulmuş Su,Dried Water,,,,,,,,,,,intentionally paradoxical,
mat_ff_powder_generic,$0 Toz,$0 Powder,,,,,,,,,,,,
mat_ff_candy_generic,$0 Şeker,$0 Candy,,,,,,,,,,,,
mat_ff_gas_generic,$0 Gaz,$0 Gas,,,,,,,,,,,,
,,,,,,,,,,,,,,
,,,,,,,,,,,,,,
,,,,,,,,,,,,,,
,,,,,,,,,,,,,       Terror.,
,,,,,,,,,,,,,,
,,,,,,,,,,,,,   Materials!,
,,,,,,,,,,,,,,
mat_terror_teleportatium,Kaoşınlanım,Terrorportatium,,,,,,,,,,,a pun on the words Terror and Teleportatium. default to 'Terrifying Teleportatium' format if a similar pun/wordplay is not viable,
mat_terror_pandorium,Korkutucu Pandoram,Terrifying Pandorium,,,,,,,,,,,,
mat_terror_water,Korkutucu Su,Terrifying Water,,,,,,,,,,,,
,,,,,,,,,,,,,,
,,,,,,,,,,,,,,
,,,,,,,,,,,,,   Status Effects!,
,,,,,,,,,,,,,,
status_terror_teleport,Tehlikeli Yer Değişimi,Dangerous Relocation,,,,,,,,,,,,
status_desc_terror_teleport,Evren peşindeymiş gibi hissediyorsun,You feel as though the universe is out to get you,,,,,,,,,,,,
status_terror_vomit_spells,Berbat Öğün!,Terrible Meal!,,,,,,,,,,,,
status_desc_terror_vomit_spells,Bu berbat bir fikirdi!\nIzdırap.,This was an awful idea!\nSuffer.,,,,,,,,,,,,
,,,,,,,,,,,,,,
,,,,,,,,,,,,,,
,,,,,,,,,,,,,   Items!,
,,,,,,,,,,,,,,
item_runestone_terror,Kaos Runik Taşı,Runestone of Terror,,,,,,,,,,,,
itemdesc_runestone_terror,Bunu yere düşürmenin berbat bir fikir olacağını düşünüyorsun...,You feel as though dropping this would be a terrible idea...,,,,,,,,,,,,
,,,,,,,,,,,,,,
,,,,,,,,,,,,,,
,,,,,,,,,,,,,   Misc!,
,,,,,,,,,,,,,,
animal_random_spell_terror,Terrifying Pandorium,Ужасающий пандориум,Pandório aterrorizante,,,,,,惊悚潘多拉魔药,,,,,
,,,,,,,,,,,,,,
,,,,,,,,,,,,,,
,,,,,,,,,,,,,,
,,,,,,,,,,,,,,
,,,,,,,,,,,,,,
,,,,,,,,,,,,,       Compatibility,
,,,,,,,,,,,,,,
,,,,,,,,,,,,,   Glimmers Expanded!,
,,,,,,,,,,,,,,
action_name_cc_glimmer_hydroxide,Hydroxide Glimmer,Hydroxide Glimmer,,,,,,,,,,,,|TR_missing
action_desc_cc_ge_glimmer_hydroxide,Gives a projectile a corrosive sparkly trail,Gives a projectile a corrosive sparkly trail,,,,,,,,,,,,|TR_missing
action_name_cc_glimmer_slicing_liquid,Slicing Liquid Glimmer,Slicing Liquid Glimmer,,,,,,,,,,,,|TR_missing
action_desc_cc_ge_glimmer_slicing_liquid,Gives a projectile a silvery sparkly trail,Gives a projectile a silvery sparkly trail,,,,,,,,,,,,|TR_missing
action_name_cc_glimmer_glittering_liquid,Glittering Liquid Glimmer,Glittering Liquid Glimmer,,,,,,,,,,,,|TR_missing
action_desc_cc_ge_glimmer_glittering_liquid,Gives a projectile a glittering sparkly trail,Gives a projectile a glittering sparkly trail,,,,,,,,,,,,|TR_missing
action_name_cc_glimmer_explodePlayer,Agitine Glimmer,Agitine Glimmer,,,,,,,,,,,,|TR_missing
action_desc_cc_ge_glimmer_explodePlayer,Gives a projectile an agitating sparkly trail,Gives a projectile an agitating sparkly trail,,,,,,,,,,,,|TR_missing
action_name_cc_glimmer_nullium,Nullium Glimmer,Nullium Glimmer,,,,,,,,,,,,|TR_missing
action_desc_cc_ge_glimmer_nullium,Gives a projectile a degenerative sparkly trail,,,,,,,,,,,,degenerate as in the opposite of regenerate,|TR_missing
action_name_cc_glimmer_dormant_crystal,Dormant Crystal Glimmer,Dormant Crystal Glimmer,,,,,,,,,,,,|TR_missing
action_desc_cc_ge_glimmer_dormant_crystal,Gives a projectile a volatile sparkly trail,Gives a projectile a volatile sparkly trail,,,,,,,,,,,,|TR_missing
action_name_cc_glimmer_uranium,Uranium Glimmer,Uranium Glimmer,,,,,,,,,,,,|TR_missing
action_desc_cc_ge_glimmer_uranium,Gives a projectile a radioactive sparkly trail,Gives a projectile a radioactive sparkly trail,,,,,,,,,,,,|TR_missing
action_name_cc_glimmer_antimatter_liquid,Anti-Matter Glimmer,Anti-Matter Glimmer,,,,,,,,,,,,|TR_missing
action_desc_cc_ge_glimmer_antimatter_liquid,Gives a projectile an annihilative sparkly trail,Gives a projectile an annihilative sparkly trail,,,,,,,,,,,,|TR_missing
,,,,,,,,,,,,,,
,,,,,,,,,,,,,,
,,,,,,,,,,,,,,
,,,,,,,,,,,,,,
,,,,,,,,,,,,,,
,,,,,,,,,,,,,       Misc,
,,,,,,,,,,,,,   just misc stuff referring to the name of the mod/developers working on it as well as other misc stuff,
,,,,,,,,,,,,,,
name_mod_cc_global,Kimyevi Arzular,Chemical Curiosities,,,,,,,,,,,up to interpretation,
cc_branch_name_aa,Büyülü Kimya,Arcane Alchemy,,,,,,,,,,,up to interpretation,
cc_branch_name_cc,Kimyevi Arzular,Chemical Curiosities,,,,,,,,,,,up to interpretation,
cc_branch_name_mm,Gizemli Karışımlar,Mystical Mixtures,,,,,,,,,,,up to interpretation,
cc_branch_name_ff,Büyülü Sıvılar,Fluent Fluids,,,,,,,,,,,up to interpretation,
cc_branch_name_t,Kaos,Terror.,,,,,,,,,,,up to interpretation,
,,,,,,,,,,,,,,
cc_name_evaisa,Evaisa,,,,,,,,,,,,transliterate,
cc_name_squirrelly,Squirrelly,,,,,,,,,,,,transliterate,
cc_name_userk,UserK,,,,,,,,,,,,transliterate,
cc_name_alexgod,Alex(GoD),,,,,,,,,,,,transliterate,
cc_name_lamia,Lamia,,,,,,,,,,,,transliterate,
cc_name_absent_friend,Absent Friend,,,,,,,,,,,,transliterate,
cc_name_dylan_rhodes,Dylan Rhodes Taha,,,,,,,,,,,,transliterate,
cc_name_singularity_neko,SingularityNeko,,,,,,,,,,,,transliterate,
,,,,,,,,,,,,,,
,,,,,,,,,,,,,,